<?xml version="1.0" encoding="UTF-8"?>
<project-private xmlns="http://www.netbeans.org/ns/project-private/1">
    <editor-bookmarks xmlns="http://www.netbeans.org/ns/editor-bookmarks/2" lastBookmarkId="0"/>
    <open-files xmlns="http://www.netbeans.org/ns/projectui-open-files/2">
        <group>
            <file>file:/S:/Programming/PA8PortfolioBohlen/src/pa7tictactoebohlen/PA7MainBohlen.java</file>
            <file>file:/S:/Programming/PA8PortfolioBohlen/src/pa8portfoliobohlen/PA8PortfolioMainBohlen.java</file>
            <file>file:/S:/Programming/PA8PortfolioBohlen/src/pa8portfoliobohlen/PA8PortfolioJFrameDelegateBohlen.java</file>
            <file>file:/S:/Programming/PA8PortfolioBohlen/src/pa5mar6bohlen/PA5BabyNamesBohlen.java</file>
        </group>
    </open-files>
</project-private>
